--
-- PostgreSQL database dump
--

-- Dumped from database version 16.9 (Ubuntu 16.9-0ubuntu0.24.04.1)
-- Dumped by pg_dump version 16.9 (Ubuntu 16.9-0ubuntu0.24.04.1)

SET statement_timeout = 0;
SET lock_timeout = 0;
SET idle_in_transaction_session_timeout = 0;
SET client_encoding = 'UTF8';
SET standard_conforming_strings = on;
SELECT pg_catalog.set_config('search_path', '', false);
SET check_function_bodies = false;
SET xmloption = content;
SET client_min_messages = warning;
SET row_security = off;

--
-- Data for Name: grants; Type: TABLE DATA; Schema: public; Owner: nagaiku_user
--

COPY public.grants (id, name, "grantCode", "totalAmount", "startDate", "endDate", status, "createdAt", "updatedAt") FROM stdin;
55	WAM補	250403_WAMG_WAM補	7000000	2025-04-01 00:00:00	2026-03-31 00:00:00	in_progress	2025-08-08 16:43:28.02	2025-08-08 16:43:28.02
56	つながり10	250413_愛知募金_つながり10月	305127	2025-04-01 00:00:00	2025-07-31 00:00:00	completed	2025-08-08 16:43:28.02	2025-08-08 16:43:28.02
57	むす春	250412_むすびえ_春募集	60000	2025-04-01 00:00:00	2025-05-31 00:00:00	completed	2025-08-08 16:43:28.02	2025-08-08 16:43:28.02
58	むすファミ	250411_むすびえ_ファミマ	100000	2025-04-01 00:00:00	2025-09-30 00:00:00	in_progress	2025-08-08 16:43:28.02	2025-08-08 16:43:28.02
59	まんぷく	250709_フィラン_まんぷく	1922280	2025-07-01 00:00:00	2026-06-30 00:00:00	in_progress	2025-08-08 16:43:28.02	2025-08-08 16:43:28.02
60	日本財団	250616_日本財団_寄付支援	470000	2025-07-22 00:00:00	2026-06-30 00:00:00	in_progress	2025-08-08 16:43:28.02	2025-08-08 16:43:28.02
61	日財終了分		396469	2025-04-01 00:00:00	2025-06-30 00:00:00	applied	2025-08-08 16:43:28.02	2025-08-08 16:43:28.02
62	POPOLO	250765_POPO_ひとり親	3000000	2025-07-28 00:00:00	2026-01-07 00:00:00	in_progress	2025-08-08 16:43:28.02	2025-08-08 16:43:28.02
\.


--
-- Data for Name: budget_items; Type: TABLE DATA; Schema: public; Owner: nagaiku_user
--

COPY public.budget_items (id, name, category, "budgetedAmount", note, "grantId", "createdAt", "updatedAt", "sortOrder") FROM stdin;
37	印刷製本費	固定	39200	\N	55	2025-08-08 16:46:56.664	2025-08-08 16:46:56.664	9
38	家賃	家賃	1141200	\N	55	2025-08-08 16:46:56.664	2025-08-08 16:46:56.664	10
39	光熱水費	光熱	342000	\N	55	2025-08-08 16:48:04.233	2025-08-08 16:48:04.233	11
40	雑役務費	ほか	12000	\N	55	2025-08-08 16:48:04.233	2025-08-08 16:48:04.233	12
41	謝金	謝金	132000	\N	55	2025-08-08 16:48:04.233	2025-08-08 16:48:04.233	13
42	消耗品費	消耗・食材	508000	\N	55	2025-08-08 16:48:04.233	2025-08-08 16:48:04.233	14
43	賃金（アルバイト）	賃金	2382600	\N	55	2025-08-08 16:48:04.233	2025-08-08 16:48:04.233	15
44	賃金（職員）	賃金	1920000	\N	55	2025-08-08 16:48:04.233	2025-08-08 16:48:04.233	16
45	通信運搬費	通信	498000	\N	55	2025-08-08 16:48:04.233	2025-08-08 16:48:04.233	17
46	保険料	保険	25000	\N	55	2025-08-08 16:48:04.233	2025-08-08 16:48:04.233	18
47	食材費	食材	216000	\N	56	2025-08-08 16:48:04.233	2025-08-08 16:48:04.233	19
48	消耗品費	消耗	89127	\N	56	2025-08-08 16:48:04.233	2025-08-08 16:48:04.233	20
49	食品購入費	食材	48000	\N	57	2025-08-08 16:48:04.233	2025-08-08 16:48:04.233	21
50	消耗品費	消耗	12000	\N	57	2025-08-08 16:48:04.233	2025-08-08 16:48:04.233	22
52	消耗品費	消耗	17400	食器プレート・割り箸など	58	2025-08-08 16:48:04.233	2025-08-08 16:48:04.233	24
53	食材費	食材	1488000	\N	59	2025-08-08 16:48:04.233	2025-08-08 16:48:04.233	25
54	衛生用品	消耗	200280	\N	59	2025-08-08 16:48:04.233	2025-08-08 16:48:04.233	26
55	レンタカー	レンタカー	234000	\N	59	2025-08-08 16:48:04.233	2025-08-08 16:48:04.233	27
56	終了分	ほか	396469	\N	61	2025-08-08 16:48:04.233	2025-08-08 16:48:04.233	30
57	学びフェス	固定	470000	\N	60	2025-08-08 16:48:04.233	2025-08-08 16:48:04.233	31
58	食料品費	食材	2092500		62	2025-08-08 16:48:04.233	2025-08-08 16:48:04.233	32
59	生活必需品・学用品	消耗	310500	\N	62	2025-08-08 16:48:04.233	2025-08-08 16:48:04.233	33
60	人件費	賃金	360000	\N	62	2025-08-08 16:48:04.233	2025-08-08 16:48:04.233	34
61	レンタカー	レンタカー	130000	\N	62	2025-08-08 16:48:04.233	2025-08-08 16:48:04.233	35
62	ガソリン代	ほか	10200	\N	62	2025-08-08 16:48:04.233	2025-08-08 16:48:04.233	36
63	人件費（諸謝金）	賃金	120000	\N	62	2025-08-08 16:48:04.233	2025-08-08 16:48:04.233	37
51	食品購入費	食材	82600	弁当❌	58	2025-08-08 16:48:04.233	2025-08-08 08:23:35.665	23
\.


--
-- Data for Name: transactions; Type: TABLE DATA; Schema: public; Owner: nagaiku_user
--

COPY public.transactions (id, "journalNumber", "journalLineNumber", date, description, amount, account, supplier, item, memo, remark, department, "managementNumber", "freeDealId", "createdAt", "updatedAt") FROM stdin;
tx_003	3	1	2024-08-02 00:00:00	水道光熱費	45000	管理費	電力会社	\N	\N	\N	管理部門	\N	\N	2025-08-04 14:31:37.528	2025-08-04 14:31:37.528
tx_001	1	1	2024-08-01 00:00:00	事務用品購入	15000	事業費	オフィス用品店	\N	\N	\N	管理部門	\N	\N	2025-08-04 14:31:37.527	2025-08-04 14:31:37.527
tx_002	2	1	2024-08-01 00:00:00	家賃	120000	管理費	不動産会社	\N	\N	\N	管理部門	\N	\N	2025-08-04 14:31:37.527	2025-08-04 14:31:37.527
\.


--
-- Data for Name: allocation_splits; Type: TABLE DATA; Schema: public; Owner: nagaiku_user
--

COPY public.allocation_splits (id, "transactionId", "budgetItemId", amount, note, "createdAt", "updatedAt") FROM stdin;
\.


--
-- Data for Name: budget_schedules; Type: TABLE DATA; Schema: public; Owner: nagaiku_user
--

COPY public.budget_schedules (id, "budgetItemId", year, month, "isActive", "createdAt", "updatedAt") FROM stdin;
76	37	2025	4	t	2025-08-08 16:48:13.834	2025-08-08 16:48:13.834
77	38	2025	4	t	2025-08-08 16:48:13.834	2025-08-08 16:48:13.834
78	39	2025	4	t	2025-08-08 16:48:13.834	2025-08-08 16:48:13.834
79	40	2025	4	t	2025-08-08 16:48:13.834	2025-08-08 16:48:13.834
80	41	2025	4	t	2025-08-08 16:48:13.834	2025-08-08 16:48:13.834
81	42	2025	4	t	2025-08-08 16:48:13.834	2025-08-08 16:48:13.834
82	43	2025	4	t	2025-08-08 16:48:13.834	2025-08-08 16:48:13.834
83	44	2025	4	t	2025-08-08 16:48:13.834	2025-08-08 16:48:13.834
84	45	2025	4	t	2025-08-08 16:48:13.834	2025-08-08 16:48:13.834
85	46	2025	4	t	2025-08-08 16:48:13.834	2025-08-08 16:48:13.834
86	37	2025	5	t	2025-08-08 16:48:13.834	2025-08-08 16:48:13.834
87	38	2025	5	t	2025-08-08 16:48:13.834	2025-08-08 16:48:13.834
88	39	2025	5	t	2025-08-08 16:48:13.834	2025-08-08 16:48:13.834
89	40	2025	5	t	2025-08-08 16:48:13.834	2025-08-08 16:48:13.834
90	41	2025	5	t	2025-08-08 16:48:13.834	2025-08-08 16:48:13.834
91	42	2025	5	t	2025-08-08 16:48:13.834	2025-08-08 16:48:13.834
92	43	2025	5	t	2025-08-08 16:48:13.834	2025-08-08 16:48:13.834
93	44	2025	5	t	2025-08-08 16:48:13.834	2025-08-08 16:48:13.834
94	45	2025	5	t	2025-08-08 16:48:13.834	2025-08-08 16:48:13.834
95	46	2025	5	t	2025-08-08 16:48:13.834	2025-08-08 16:48:13.834
96	37	2025	6	t	2025-08-08 16:48:13.834	2025-08-08 16:48:13.834
97	38	2025	6	t	2025-08-08 16:48:13.834	2025-08-08 16:48:13.834
98	39	2025	6	t	2025-08-08 16:48:13.834	2025-08-08 16:48:13.834
99	40	2025	6	t	2025-08-08 16:48:13.834	2025-08-08 16:48:13.834
100	41	2025	6	t	2025-08-08 16:48:13.834	2025-08-08 16:48:13.834
101	42	2025	6	t	2025-08-08 16:48:13.834	2025-08-08 16:48:13.834
102	43	2025	6	t	2025-08-08 16:48:13.834	2025-08-08 16:48:13.834
103	44	2025	6	t	2025-08-08 16:48:13.834	2025-08-08 16:48:13.834
104	45	2025	6	t	2025-08-08 16:48:13.834	2025-08-08 16:48:13.834
105	46	2025	6	t	2025-08-08 16:48:13.834	2025-08-08 16:48:13.834
106	37	2025	7	t	2025-08-08 16:48:13.834	2025-08-08 16:48:13.834
107	38	2025	7	t	2025-08-08 16:48:13.834	2025-08-08 16:48:13.834
108	39	2025	7	t	2025-08-08 16:48:13.834	2025-08-08 16:48:13.834
109	40	2025	7	t	2025-08-08 16:48:13.834	2025-08-08 16:48:13.834
110	41	2025	7	t	2025-08-08 16:48:13.834	2025-08-08 16:48:13.834
111	42	2025	7	t	2025-08-08 16:48:13.834	2025-08-08 16:48:13.834
112	43	2025	7	t	2025-08-08 16:48:13.834	2025-08-08 16:48:13.834
113	44	2025	7	t	2025-08-08 16:48:13.834	2025-08-08 16:48:13.834
114	45	2025	7	t	2025-08-08 16:48:13.834	2025-08-08 16:48:13.834
115	46	2025	7	t	2025-08-08 16:48:13.834	2025-08-08 16:48:13.834
116	37	2025	8	t	2025-08-08 16:48:13.834	2025-08-08 16:48:13.834
117	38	2025	8	t	2025-08-08 16:48:13.834	2025-08-08 16:48:13.834
118	39	2025	8	t	2025-08-08 16:48:13.834	2025-08-08 16:48:13.834
119	40	2025	8	t	2025-08-08 16:48:13.834	2025-08-08 16:48:13.834
120	41	2025	8	t	2025-08-08 16:48:13.834	2025-08-08 16:48:13.834
121	42	2025	8	t	2025-08-08 16:48:13.834	2025-08-08 16:48:13.834
122	43	2025	8	t	2025-08-08 16:48:13.834	2025-08-08 16:48:13.834
123	44	2025	8	t	2025-08-08 16:48:13.834	2025-08-08 16:48:13.834
124	45	2025	8	t	2025-08-08 16:48:13.834	2025-08-08 16:48:13.834
125	46	2025	8	t	2025-08-08 16:48:13.834	2025-08-08 16:48:13.834
126	37	2025	9	t	2025-08-08 16:48:13.834	2025-08-08 16:48:13.834
127	38	2025	9	t	2025-08-08 16:48:13.834	2025-08-08 16:48:13.834
128	39	2025	9	t	2025-08-08 16:48:13.834	2025-08-08 16:48:13.834
129	40	2025	9	t	2025-08-08 16:48:13.834	2025-08-08 16:48:13.834
130	41	2025	9	t	2025-08-08 16:48:13.834	2025-08-08 16:48:13.834
131	42	2025	9	t	2025-08-08 16:48:13.834	2025-08-08 16:48:13.834
132	43	2025	9	t	2025-08-08 16:48:13.834	2025-08-08 16:48:13.834
133	44	2025	9	t	2025-08-08 16:48:13.834	2025-08-08 16:48:13.834
134	45	2025	9	t	2025-08-08 16:48:13.834	2025-08-08 16:48:13.834
135	46	2025	9	t	2025-08-08 16:48:13.834	2025-08-08 16:48:13.834
136	37	2025	10	t	2025-08-08 16:48:13.834	2025-08-08 16:48:13.834
137	38	2025	10	t	2025-08-08 16:48:13.834	2025-08-08 16:48:13.834
138	39	2025	10	t	2025-08-08 16:48:13.834	2025-08-08 16:48:13.834
139	40	2025	10	t	2025-08-08 16:48:13.834	2025-08-08 16:48:13.834
140	41	2025	10	t	2025-08-08 16:48:13.834	2025-08-08 16:48:13.834
141	42	2025	10	t	2025-08-08 16:48:13.834	2025-08-08 16:48:13.834
142	43	2025	10	t	2025-08-08 16:48:13.834	2025-08-08 16:48:13.834
143	44	2025	10	t	2025-08-08 16:48:13.834	2025-08-08 16:48:13.834
144	45	2025	10	t	2025-08-08 16:48:13.834	2025-08-08 16:48:13.834
145	46	2025	10	t	2025-08-08 16:48:13.834	2025-08-08 16:48:13.834
146	37	2025	11	t	2025-08-08 16:48:13.834	2025-08-08 16:48:13.834
147	38	2025	11	t	2025-08-08 16:48:13.834	2025-08-08 16:48:13.834
148	39	2025	11	t	2025-08-08 16:48:13.834	2025-08-08 16:48:13.834
149	40	2025	11	t	2025-08-08 16:48:13.834	2025-08-08 16:48:13.834
150	41	2025	11	t	2025-08-08 16:48:13.834	2025-08-08 16:48:13.834
151	42	2025	11	t	2025-08-08 16:48:13.834	2025-08-08 16:48:13.834
152	43	2025	11	t	2025-08-08 16:48:13.834	2025-08-08 16:48:13.834
153	44	2025	11	t	2025-08-08 16:48:13.834	2025-08-08 16:48:13.834
154	45	2025	11	t	2025-08-08 16:48:13.834	2025-08-08 16:48:13.834
155	46	2025	11	t	2025-08-08 16:48:13.834	2025-08-08 16:48:13.834
156	37	2025	12	t	2025-08-08 16:48:13.834	2025-08-08 16:48:13.834
157	38	2025	12	t	2025-08-08 16:48:13.834	2025-08-08 16:48:13.834
158	39	2025	12	t	2025-08-08 16:48:13.834	2025-08-08 16:48:13.834
159	40	2025	12	t	2025-08-08 16:48:13.834	2025-08-08 16:48:13.834
160	41	2025	12	t	2025-08-08 16:48:13.834	2025-08-08 16:48:13.834
161	42	2025	12	t	2025-08-08 16:48:13.834	2025-08-08 16:48:13.834
162	43	2025	12	t	2025-08-08 16:48:13.834	2025-08-08 16:48:13.834
163	44	2025	12	t	2025-08-08 16:48:13.834	2025-08-08 16:48:13.834
164	45	2025	12	t	2025-08-08 16:48:13.834	2025-08-08 16:48:13.834
165	46	2025	12	t	2025-08-08 16:48:13.834	2025-08-08 16:48:13.834
166	37	2026	1	t	2025-08-08 16:48:13.834	2025-08-08 16:48:13.834
167	38	2026	1	t	2025-08-08 16:48:13.834	2025-08-08 16:48:13.834
168	39	2026	1	t	2025-08-08 16:48:13.834	2025-08-08 16:48:13.834
169	40	2026	1	t	2025-08-08 16:48:13.834	2025-08-08 16:48:13.834
170	41	2026	1	t	2025-08-08 16:48:13.834	2025-08-08 16:48:13.834
171	42	2026	1	t	2025-08-08 16:48:13.834	2025-08-08 16:48:13.834
172	43	2026	1	t	2025-08-08 16:48:13.834	2025-08-08 16:48:13.834
173	44	2026	1	t	2025-08-08 16:48:13.834	2025-08-08 16:48:13.834
174	45	2026	1	t	2025-08-08 16:48:13.834	2025-08-08 16:48:13.834
175	46	2026	1	t	2025-08-08 16:48:13.834	2025-08-08 16:48:13.834
176	37	2026	2	t	2025-08-08 16:48:13.834	2025-08-08 16:48:13.834
177	38	2026	2	t	2025-08-08 16:48:13.834	2025-08-08 16:48:13.834
178	39	2026	2	t	2025-08-08 16:48:13.834	2025-08-08 16:48:13.834
179	40	2026	2	t	2025-08-08 16:48:13.834	2025-08-08 16:48:13.834
180	41	2026	2	t	2025-08-08 16:48:13.834	2025-08-08 16:48:13.834
181	42	2026	2	t	2025-08-08 16:48:13.834	2025-08-08 16:48:13.834
182	43	2026	2	t	2025-08-08 16:48:13.834	2025-08-08 16:48:13.834
183	44	2026	2	t	2025-08-08 16:48:13.834	2025-08-08 16:48:13.834
184	45	2026	2	t	2025-08-08 16:48:13.834	2025-08-08 16:48:13.834
185	46	2026	2	t	2025-08-08 16:48:13.834	2025-08-08 16:48:13.834
186	37	2026	3	t	2025-08-08 16:48:13.834	2025-08-08 16:48:13.834
187	38	2026	3	t	2025-08-08 16:48:13.834	2025-08-08 16:48:13.834
188	39	2026	3	t	2025-08-08 16:48:13.834	2025-08-08 16:48:13.834
189	40	2026	3	t	2025-08-08 16:48:13.834	2025-08-08 16:48:13.834
190	41	2026	3	t	2025-08-08 16:48:13.834	2025-08-08 16:48:13.834
191	42	2026	3	t	2025-08-08 16:48:13.834	2025-08-08 16:48:13.834
192	43	2026	3	t	2025-08-08 16:48:13.834	2025-08-08 16:48:13.834
193	44	2026	3	t	2025-08-08 16:48:13.834	2025-08-08 16:48:13.834
194	45	2026	3	t	2025-08-08 16:48:13.834	2025-08-08 16:48:13.834
195	46	2026	3	t	2025-08-08 16:48:13.834	2025-08-08 16:48:13.834
196	47	2025	4	t	2025-08-08 16:48:13.834	2025-08-08 16:48:13.834
197	48	2025	4	t	2025-08-08 16:48:13.834	2025-08-08 16:48:13.834
198	47	2025	5	t	2025-08-08 16:48:13.834	2025-08-08 16:48:13.834
199	48	2025	5	t	2025-08-08 16:48:13.834	2025-08-08 16:48:13.834
200	47	2025	6	t	2025-08-08 16:48:13.834	2025-08-08 16:48:13.834
201	48	2025	6	t	2025-08-08 16:48:13.834	2025-08-08 16:48:13.834
202	47	2025	7	t	2025-08-08 16:48:13.834	2025-08-08 16:48:13.834
203	48	2025	7	t	2025-08-08 16:48:13.834	2025-08-08 16:48:13.834
204	49	2025	4	t	2025-08-08 16:48:13.834	2025-08-08 16:48:13.834
205	50	2025	4	t	2025-08-08 16:48:13.834	2025-08-08 16:48:13.834
206	49	2025	5	t	2025-08-08 16:48:13.834	2025-08-08 16:48:13.834
207	50	2025	5	t	2025-08-08 16:48:13.834	2025-08-08 16:48:13.834
209	52	2025	4	t	2025-08-08 16:48:13.834	2025-08-08 16:48:13.834
211	52	2025	5	t	2025-08-08 16:48:13.834	2025-08-08 16:48:13.834
213	52	2025	6	t	2025-08-08 16:48:13.834	2025-08-08 16:48:13.834
215	52	2025	7	t	2025-08-08 16:48:13.834	2025-08-08 16:48:13.834
217	52	2025	8	t	2025-08-08 16:48:13.834	2025-08-08 16:48:13.834
219	52	2025	9	t	2025-08-08 16:48:13.834	2025-08-08 16:48:13.834
220	53	2025	7	t	2025-08-08 16:48:13.834	2025-08-08 16:48:13.834
221	54	2025	7	t	2025-08-08 16:48:13.834	2025-08-08 16:48:13.834
222	55	2025	7	t	2025-08-08 16:48:13.834	2025-08-08 16:48:13.834
223	53	2025	8	t	2025-08-08 16:48:13.834	2025-08-08 16:48:13.834
224	54	2025	8	t	2025-08-08 16:48:13.834	2025-08-08 16:48:13.834
225	55	2025	8	t	2025-08-08 16:48:13.834	2025-08-08 16:48:13.834
226	53	2025	9	t	2025-08-08 16:48:13.834	2025-08-08 16:48:13.834
227	54	2025	9	t	2025-08-08 16:48:13.834	2025-08-08 16:48:13.834
228	55	2025	9	t	2025-08-08 16:48:13.834	2025-08-08 16:48:13.834
229	53	2025	10	t	2025-08-08 16:48:13.834	2025-08-08 16:48:13.834
230	54	2025	10	t	2025-08-08 16:48:13.834	2025-08-08 16:48:13.834
231	55	2025	10	t	2025-08-08 16:48:13.834	2025-08-08 16:48:13.834
232	53	2025	11	t	2025-08-08 16:48:13.834	2025-08-08 16:48:13.834
233	54	2025	11	t	2025-08-08 16:48:13.834	2025-08-08 16:48:13.834
234	55	2025	11	t	2025-08-08 16:48:13.834	2025-08-08 16:48:13.834
235	53	2025	12	t	2025-08-08 16:48:13.834	2025-08-08 16:48:13.834
236	54	2025	12	t	2025-08-08 16:48:13.834	2025-08-08 16:48:13.834
237	55	2025	12	t	2025-08-08 16:48:13.834	2025-08-08 16:48:13.834
238	53	2026	1	t	2025-08-08 16:48:13.834	2025-08-08 16:48:13.834
239	54	2026	1	t	2025-08-08 16:48:13.834	2025-08-08 16:48:13.834
240	55	2026	1	t	2025-08-08 16:48:13.834	2025-08-08 16:48:13.834
241	53	2026	2	t	2025-08-08 16:48:13.834	2025-08-08 16:48:13.834
242	54	2026	2	t	2025-08-08 16:48:13.834	2025-08-08 16:48:13.834
243	55	2026	2	t	2025-08-08 16:48:13.834	2025-08-08 16:48:13.834
244	53	2026	3	t	2025-08-08 16:48:13.834	2025-08-08 16:48:13.834
245	54	2026	3	t	2025-08-08 16:48:13.834	2025-08-08 16:48:13.834
246	55	2026	3	t	2025-08-08 16:48:13.834	2025-08-08 16:48:13.834
247	53	2026	4	t	2025-08-08 16:48:13.834	2025-08-08 16:48:13.834
248	54	2026	4	t	2025-08-08 16:48:13.834	2025-08-08 16:48:13.834
249	55	2026	4	t	2025-08-08 16:48:13.834	2025-08-08 16:48:13.834
250	53	2026	5	t	2025-08-08 16:48:13.834	2025-08-08 16:48:13.834
251	54	2026	5	t	2025-08-08 16:48:13.834	2025-08-08 16:48:13.834
252	55	2026	5	t	2025-08-08 16:48:13.834	2025-08-08 16:48:13.834
253	53	2026	6	t	2025-08-08 16:48:13.834	2025-08-08 16:48:13.834
254	54	2026	6	t	2025-08-08 16:48:13.834	2025-08-08 16:48:13.834
255	55	2026	6	t	2025-08-08 16:48:13.834	2025-08-08 16:48:13.834
256	57	2025	7	t	2025-08-08 16:48:13.834	2025-08-08 16:48:13.834
257	57	2025	8	t	2025-08-08 16:48:13.834	2025-08-08 16:48:13.834
258	57	2025	9	t	2025-08-08 16:48:13.834	2025-08-08 16:48:13.834
259	57	2025	10	t	2025-08-08 16:48:13.834	2025-08-08 16:48:13.834
260	57	2025	11	t	2025-08-08 16:48:13.834	2025-08-08 16:48:13.834
261	57	2025	12	t	2025-08-08 16:48:13.834	2025-08-08 16:48:13.834
262	57	2026	1	t	2025-08-08 16:48:13.834	2025-08-08 16:48:13.834
263	57	2026	2	t	2025-08-08 16:48:13.834	2025-08-08 16:48:13.834
264	57	2026	3	t	2025-08-08 16:48:13.834	2025-08-08 16:48:13.834
265	57	2026	4	t	2025-08-08 16:48:13.834	2025-08-08 16:48:13.834
266	57	2026	5	t	2025-08-08 16:48:13.834	2025-08-08 16:48:13.834
267	57	2026	6	t	2025-08-08 16:48:13.834	2025-08-08 16:48:13.834
268	56	2025	4	t	2025-08-08 16:48:13.834	2025-08-08 16:48:13.834
269	56	2025	5	t	2025-08-08 16:48:13.834	2025-08-08 16:48:13.834
270	56	2025	6	t	2025-08-08 16:48:13.834	2025-08-08 16:48:13.834
271	58	2025	8	t	2025-08-08 16:48:13.834	2025-08-08 16:48:13.834
272	59	2025	8	t	2025-08-08 16:48:13.834	2025-08-08 16:48:13.834
273	60	2025	8	t	2025-08-08 16:48:13.834	2025-08-08 16:48:13.834
274	61	2025	8	t	2025-08-08 16:48:13.834	2025-08-08 16:48:13.834
275	62	2025	8	t	2025-08-08 16:48:13.834	2025-08-08 16:48:13.834
276	63	2025	8	t	2025-08-08 16:48:13.834	2025-08-08 16:48:13.834
277	58	2025	9	t	2025-08-08 16:48:13.834	2025-08-08 16:48:13.834
278	59	2025	9	t	2025-08-08 16:48:13.834	2025-08-08 16:48:13.834
279	60	2025	9	t	2025-08-08 16:48:13.834	2025-08-08 16:48:13.834
280	61	2025	9	t	2025-08-08 16:48:13.834	2025-08-08 16:48:13.834
281	62	2025	9	t	2025-08-08 16:48:13.834	2025-08-08 16:48:13.834
282	63	2025	9	t	2025-08-08 16:48:13.834	2025-08-08 16:48:13.834
283	58	2025	10	t	2025-08-08 16:48:13.834	2025-08-08 16:48:13.834
284	59	2025	10	t	2025-08-08 16:48:13.834	2025-08-08 16:48:13.834
285	60	2025	10	t	2025-08-08 16:48:13.834	2025-08-08 16:48:13.834
286	61	2025	10	t	2025-08-08 16:48:13.834	2025-08-08 16:48:13.834
287	62	2025	10	t	2025-08-08 16:48:13.834	2025-08-08 16:48:13.834
288	63	2025	10	t	2025-08-08 16:48:13.834	2025-08-08 16:48:13.834
289	58	2025	11	t	2025-08-08 16:48:13.834	2025-08-08 16:48:13.834
290	59	2025	11	t	2025-08-08 16:48:13.834	2025-08-08 16:48:13.834
291	60	2025	11	t	2025-08-08 16:48:13.834	2025-08-08 16:48:13.834
292	61	2025	11	t	2025-08-08 16:48:13.834	2025-08-08 16:48:13.834
293	62	2025	11	t	2025-08-08 16:48:13.834	2025-08-08 16:48:13.834
294	63	2025	11	t	2025-08-08 16:48:13.834	2025-08-08 16:48:13.834
295	58	2025	12	t	2025-08-08 16:48:13.834	2025-08-08 16:48:13.834
296	59	2025	12	t	2025-08-08 16:48:13.834	2025-08-08 16:48:13.834
297	60	2025	12	t	2025-08-08 16:48:13.834	2025-08-08 16:48:13.834
298	61	2025	12	t	2025-08-08 16:48:13.834	2025-08-08 16:48:13.834
299	62	2025	12	t	2025-08-08 16:48:13.834	2025-08-08 16:48:13.834
300	63	2025	12	t	2025-08-08 16:48:13.834	2025-08-08 16:48:13.834
301	58	2026	1	t	2025-08-08 16:48:13.834	2025-08-08 16:48:13.834
302	59	2026	1	t	2025-08-08 16:48:13.834	2025-08-08 16:48:13.834
303	60	2026	1	t	2025-08-08 16:48:13.834	2025-08-08 16:48:13.834
304	61	2026	1	t	2025-08-08 16:48:13.834	2025-08-08 16:48:13.834
305	62	2026	1	t	2025-08-08 16:48:13.834	2025-08-08 16:48:13.834
306	63	2026	1	t	2025-08-08 16:48:13.834	2025-08-08 16:48:13.834
307	51	2025	4	t	2025-08-08 08:23:35.709	2025-08-08 08:23:35.709
308	51	2025	5	t	2025-08-08 08:23:35.709	2025-08-08 08:23:35.709
309	51	2025	6	t	2025-08-08 08:23:35.709	2025-08-08 08:23:35.709
310	51	2025	7	t	2025-08-08 08:23:35.709	2025-08-08 08:23:35.709
311	51	2025	8	t	2025-08-08 08:23:35.709	2025-08-08 08:23:35.709
312	51	2025	9	t	2025-08-08 08:23:35.709	2025-08-08 08:23:35.709
\.


--
-- Data for Name: categories; Type: TABLE DATA; Schema: public; Owner: nagaiku_user
--

COPY public.categories (id, name, type, color, "sortOrder", "isActive", "createdAt", "updatedAt") FROM stdin;
1	事業費	transaction	#10B981	1	t	2025-08-04 14:31:37.396	2025-08-04 14:31:37.396
2	事業活動費	budget_item	#8B5CF6	3	t	2025-08-04 14:31:37.397	2025-08-04 14:31:37.397
3	管理費	transaction	#3B82F6	2	t	2025-08-04 14:31:37.397	2025-08-04 14:31:37.397
4	物件費	budget_item	#F59E0B	2	t	2025-08-04 14:31:37.396	2025-08-04 14:31:37.396
5	人件費	budget_item	#EF4444	1	t	2025-08-04 14:31:37.397	2025-08-04 14:31:37.397
\.


--
-- Data for Name: freee_syncs; Type: TABLE DATA; Schema: public; Owner: nagaiku_user
--

COPY public.freee_syncs (id, "lastSyncAt", "syncStatus", "syncMessage", "recordCount", "createdAt", "updatedAt") FROM stdin;
\.


--
-- Data for Name: freee_tokens; Type: TABLE DATA; Schema: public; Owner: nagaiku_user
--

COPY public.freee_tokens (id, "accessToken", "refreshToken", "expiresAt", "tokenType", scope, "createdAt", "updatedAt") FROM stdin;
1	pY-oK2bbmeYzNAfsm5DbCQkKtFMc52NAcbfKPTqIyoU	oEVOMBh3mzLzusN6fLEAHDlEuipUAB7SgvLRD_8mtX8	2025-08-07 10:57:23.932	bearer	accounting:account_items:read accounting:account_items:write accounting:deals:read accounting:deals:write accounting:expense_application_templates:read accounting:expense_application_templates:write accounting:items:read accounting:items:write accounting:partners:read accounting:partners:write accounting:receipts:read accounting:reports_journals:read accounting:sections:read accounting:sections:write accounting:tags:read accounting:tags:write accounting:wallet_txns:read accounting:wallet_txns:write accounting:walletables:read default_read	2025-08-04 15:59:02.624	2025-08-07 04:57:24.443
\.


--
-- Name: budget_items_id_seq; Type: SEQUENCE SET; Schema: public; Owner: nagaiku_user
--

SELECT pg_catalog.setval('public.budget_items_id_seq', 63, true);


--
-- Name: budget_schedules_id_seq; Type: SEQUENCE SET; Schema: public; Owner: nagaiku_user
--

SELECT pg_catalog.setval('public.budget_schedules_id_seq', 312, true);


--
-- Name: categories_id_seq; Type: SEQUENCE SET; Schema: public; Owner: nagaiku_user
--

SELECT pg_catalog.setval('public.categories_id_seq', 5, true);


--
-- Name: freee_syncs_id_seq; Type: SEQUENCE SET; Schema: public; Owner: nagaiku_user
--

SELECT pg_catalog.setval('public.freee_syncs_id_seq', 1, false);


--
-- Name: freee_tokens_id_seq; Type: SEQUENCE SET; Schema: public; Owner: nagaiku_user
--

SELECT pg_catalog.setval('public.freee_tokens_id_seq', 1, true);


--
-- Name: grants_id_seq; Type: SEQUENCE SET; Schema: public; Owner: nagaiku_user
--

SELECT pg_catalog.setval('public.grants_id_seq', 62, true);


--
-- PostgreSQL database dump complete
--

